Ameliorated,Configurable scalable open architecture
utilisation,Pre-emptive attitude-oriented approach
full-range,Face to face demand-driven infrastructure
Virtual,Compatible client-driven help-desk
instruction set,Customer-focused well-modulated productivity
Visionary,Stand-alone 24/7 software
grid-enabled,Advanced bottom-line projection
hybrid,Business-focused motivating standardization
portal,Robust client-server encryption
client-server,Intuitive heuristic framework
Advanced,Balanced holistic synergy
Business-focused,Up-sized asynchronous success
function,Multi-tiered explicit neural-net
forecast,User-centric holistic alliance
Synergistic,Customizable 5th generation website
initiative,Public-key upward-trending product
logistical,Expanded holistic core
Up-sized,Versatile value-added time-frame
Reactive,Focused exuding array
uniform,Upgradable leading edge moderator
zero tolerance,Implemented next generation approach
hybrid,Cross-group stable product
Right-sized,Team-oriented foreground initiative
Balanced,Multi-tiered well-modulated approach
circuit,Organized optimal emulation
knowledge base,Cross-platform client-driven access
scalable,Synergistic asynchronous infrastructure
Cross-platform,Automated non-volatile support
disintermediate,Automated clear-thinking benchmark
stable,Re-contextualized motivating toolset
