2/14/2017,MED,Integer tincidunt ante vel ipsum.,Visionary homogeneous structure
7/16/2017,MED,In quis justo.,Organized solution-oriented definition
7/21/2017,LOW,Donec quis orci eget orci vehicula condimentum.,Polarised hybrid open architecture
6/14/2017,MED,Integer ac neque.,Team-oriented homogeneous conglomeration
8/29/2017,MED,Maecenas ut massa quis augue luctus tincidunt.,Integrated user-facing moderator
1/30/2017,HIGH,Nunc purus.,Vision-oriented upward-trending pricing structure
7/25/2017,MED,Aliquam sit amet diam in magna bibendum imperdiet.,Profound heuristic utilisation
8/17/2017,MED,"Cras mi pede, malesuada in, imperdiet et, commodo vulputate, justo.",Profit-focused optimal customer loyalty
6/10/2017,LOW,"Nam congue, risus semper porta volutpat, quam pede lobortis ligula, sit amet eleifend pede libero quis orci.",Assimilated 4th generation process improvement
10/2/2017,HIGH,Duis bibendum.,Streamlined grid-enabled system engine
5/15/2017,LOW,Aenean auctor gravida sem.,Fully-configurable system-worthy capacity
7/1/2017,MED,In hac habitasse platea dictumst.,Streamlined modular productivity
5/28/2017,HIGH,Nulla ut erat id mauris vulputate elementum.,Public-key high-level info-mediaries
7/24/2017,LOW,Duis aliquam convallis nunc.,Synchronised stable collaboration
7/16/2017,MED,Maecenas tincidunt lacus at velit.,Digitized bandwidth-monitored support
10/27/2017,LOW,Nam tristique tortor eu pede.,Distributed incremental Graphic Interface
1/10/2017,MED,Pellentesque ultrices mattis odio.,Switchable radical model
8/11/2017,MED,Maecenas rhoncus aliquam lacus.,Extended full-range intranet
4/29/2017,MED,Nulla mollis molestie lorem.,Re-engineered full-range hub
8/16/2017,LOW,Quisque ut erat.,Devolved homogeneous customer loyalty
8/24/2017,HIGH,Nulla ac enim.,Extended client-server monitoring
4/28/2017,HIGH,Vivamus vel nulla eget eros elementum pellentesque.,Progressive contextually-based solution
9/6/2017,MED,"Quisque arcu libero, rutrum ac, lobortis vel, dapibus at, diam.",Multi-tiered encompassing protocol
9/12/2017,HIGH,Mauris lacinia sapien quis libero.,Visionary impactful orchestration
1/10/2017,LOW,"Nam ultrices, libero non mattis pulvinar, nulla pede ullamcorper augue, a suscipit nulla elit ac nulla.",Reverse-engineered executive workforce
3/11/2017,MED,Etiam vel augue.,Down-sized system-worthy extranet
8/9/2017,MED,Morbi quis tortor id nulla ultrices aliquet.,Cross-group logistical standardization
9/8/2017,HIGH,"Quisque arcu libero, rutrum ac, lobortis vel, dapibus at, diam.",Synergistic national framework
6/22/2017,LOW,Morbi non quam nec dui luctus rutrum.,Programmable explicit core
2/12/2017,MED,Nulla ac enim.,Multi-layered logistical solution
1/7/2017,MED,Vivamus in felis eu sapien cursus vestibulum.,Cloned methodical software
3/23/2017,HIGH,"Vestibulum ante ipsum primis in faucibus orci luctus et ultrices posuere cubilia Curae; Donec pharetra, magna vestibulum aliquet ultrices, erat tortor sollicitudin mi, sit amet lobortis sapien sapien non mi.",Polarised fault-tolerant projection
7/7/2017,HIGH,"Maecenas tristique, est et tempus semper, est quam pharetra magna, ac consequat metus sapien ut nunc.",Up-sized hybrid success
5/9/2017,LOW,Integer ac leo.,Managed local function
7/29/2017,MED,Aenean sit amet justo.,Public-key needs-based open system
7/15/2017,HIGH,Mauris ullamcorper purus sit amet nulla.,Vision-oriented object-oriented access
4/20/2017,LOW,Nulla ac enim.,Assimilated directional framework
2/8/2017,LOW,"Cum sociis natoque penatibus et magnis dis parturient montes, nascetur ridiculus mus.",Managed non-volatile hardware
7/7/2017,LOW,Donec vitae nisi.,Pre-emptive mission-critical moderator
7/11/2017,MED,"Vivamus metus arcu, adipiscing molestie, hendrerit at, vulputate vitae, nisl.",Persistent solution-oriented pricing structure
10/9/2017,LOW,Aliquam sit amet diam in magna bibendum imperdiet.,Total context-sensitive knowledge user
10/10/2017,LOW,Etiam vel augue.,Multi-lateral zero administration encoding
2/13/2017,MED,Etiam vel augue.,Fundamental mobile architecture
7/10/2017,HIGH,Nulla tellus.,User-centric 5th generation archive
7/29/2017,HIGH,Sed accumsan felis.,Digitized zero tolerance instruction set
2/26/2017,HIGH,Aliquam quis turpis eget elit sodales scelerisque.,Virtual upward-trending leverage
5/16/2017,HIGH,Suspendisse potenti.,Inverse client-driven array
9/30/2017,MED,Etiam vel augue.,User-friendly systematic core
10/11/2017,LOW,Duis bibendum.,Business-focused non-volatile methodology
8/2/2017,HIGH,Nulla mollis molestie lorem.,Multi-lateral national ability
