definition,fermentum donec ut mauris eget
empowering,iaculis diam erat fermentum justo nec
fresh-thinking,non velit donec diam neque
grid-enabled,velit eu est congue elementum
contextually-based,odio cras mi pede malesuada in
moratorium,dolor sit amet consectetuer adipiscing elit
dynamic,sit amet eros suspendisse
Persevering,lobortis est phasellus sit
task-force,felis donec semper sapien
Assimilated,ut at dolor quis odio consequat
24/7,ligula vehicula consequat morbi a ipsum
initiative,amet sapien dignissim vestibulum vestibulum ante
solution-oriented,nulla quisque arcu libero
access,sit amet lobortis sapien sapien non
Seamless,integer ac neque duis
concept,neque sapien placerat ante nulla justo
Virtual,ut dolor morbi vel lectus in
Profit-focused,amet sapien dignissim vestibulum vestibulum
Managed,eget congue eget semper rutrum nulla
Programmable,in faucibus orci luctus et ultrices
