Stephen Garcia,sgarcia0@wordpress.org,VP Sales,gWA61Du6h,10/1/2014
Emily Coleman,ecoleman1@theatlantic.com,Information Systems Manager,nxe5fK,3/6/2016
Dorothy Sullivan,dsullivan2@mozilla.org,Cost Accountant,ov3S2P1IDB0,6/25/2014
Tina Cook,tcook3@issuu.com,VP Sales,95q7UFqc,5/22/2011
Donald Bowman,dbowman4@com.com,Administrative Officer,BirOqiubLL,3/5/2013
Jerry Garrett,jgarrett5@newsvine.com,Product Engineer,LvPgAbquG58j,3/27/2014
Douglas Tucker,dtucker6@biglobe.ne.jp,VP Marketing,HVCzh05mC,5/26/2011
Roy Lewis,rlewis7@xing.com,Staff Accountant III,KmN7aucv,4/12/2015
Phillip Hanson,phanson8@usatoday.com,Senior Developer,KOpCDoNNokm,5/12/2012
Rebecca Cunningham,rcunningham9@intel.com,Senior Quality Engineer,svh1zcJNh,8/6/2015
Willie Frazier,wfraziera@hostgator.com,Senior Sales Associate,HaZhrExy,10/6/2012
Ruby Hamilton,rhamiltonb@uol.com.br,Help Desk Technician,xVndPmi6FC,7/28/2015
Ernest Romero,eromeroc@umn.edu,Software Engineer III,nbyquHtpr4,2/16/2012
Frank Campbell,fcampbelld@sakura.ne.jp,Librarian,aoP53U,5/15/2014
Ralph King,rkinge@state.gov,Associate Professor,d494Rmu,2/10/2012
Christina Stone,cstonef@sciencedaily.com,Automation Specialist IV,8utjeg,6/22/2015
Wayne Riley,wrileyg@bluehost.com,Financial Analyst,j9CBJ8o1,2/5/2014
Frances Knight,fknighth@clickbank.net,Mechanical Systems Engineer,dBSsLRbW,1/14/2012
Gloria Larson,glarsoni@qq.com,Account Executive,63MLOv32GF,10/2/2015
Rose Morales,rmoralesj@1und1.de,Project Manager,7xVgS8,6/16/2016
